,ts_code,trade_date,open,high,low,close,pre_close,change,pct_chg,vol,amount
0,601888.SH,20211224,210,219.47,206,217.9,210.35,7.55,3.5893,118301.93,2522862.411
1,601888.SH,20211223,213.03,213.99,209.07,210.35,212.01,-1.66,-0.783,79259.8,1668350.303
2,601888.SH,20211222,217.88,218.99,210.6,212.01,215,-2.99,-1.3907,79081.32,1686463.738
3,601888.SH,20211221,214.6,217.14,213.58,215,212.5,2.5,1.1765,51188.42,1102044.872
4,601888.SH,20211220,212,217,211.81,212.5,217.28,-4.78,-2.1999,78118.31,1670160.808
5,601888.SH,20211217,224.88,224.88,217.01,217.28,225.05,-7.77,-3.4526,95944.92,2103206.98
6,601888.SH,20211216,224.88,225.88,220.2,225.05,223.29,1.76,0.7882,73002.21,1630349.313
7,601888.SH,20211215,227.93,229.5,223.29,223.29,228,-4.71,-2.0658,77944.6,1754103.421
8,601888.SH,20211214,226.9,230.5,226,228,229.2,-1.2,-0.5236,83378.58,1899538.459
9,601888.SH,20211213,231,234.8,228,229.2,229.68,-0.48,-0.209,105077.01,2430628.557
10,601888.SH,20211210,226.03,231.5,226,229.68,228.38,1.3,0.5692,135796.19,3110904.289
11,601888.SH,20211209,215.9,230.04,215,228.38,215.46,12.92,5.9965,241829.74,5465319.968
12,601888.SH,20211208,212.5,216.23,210.18,215.46,213,2.46,1.1549,100937.32,2167111.727
13,601888.SH,20211207,211.6,214.57,209.1,213,211.99,1.01,0.4764,101720.85,2160458.075
14,601888.SH,20211206,209.16,213.6,207,211.99,204.06,7.93,3.8861,198125.43,4178501.735
15,601888.SH,20211203,202.13,204.38,197.2,204.06,201.82,2.24,1.1099,125997.93,2534763.866
16,601888.SH,20211202,202.5,204.8,201.81,201.82,202.89,-1.07,-0.5274,62781.43,1272913.186
17,601888.SH,20211201,204,206,201.31,202.89,205.45,-2.56,-1.246,94071.3,1906373.031
18,601888.SH,20211130,204,209.89,204,205.45,203.3,2.15,1.0576,116322.8,2403797.667
19,601888.SH,20211129,204.98,209,201.28,203.3,211.32,-8.02,-3.7952,200975.6,4095370.434
20,601888.SH,20211126,210.85,213.87,207,211.32,211.8,-0.48,-0.2266,91466.24,1926550.114
21,601888.SH,20211125,220,221.1,211.5,211.8,220.99,-9.19,-4.1586,179791.34,3862184.034
22,601888.SH,20211124,220,221.69,218.56,220.99,220.5,0.49,0.2222,74742.61,1645521.045
23,601888.SH,20211123,224,225.6,218.18,220.5,223.56,-3.06,-1.3688,120740.34,2668308.323
24,601888.SH,20211122,224.1,226.5,222.5,223.56,225.3,-1.74,-0.7723,97721.99,2184699.165
25,601888.SH,20211119,224,226.68,223.38,225.3,224.1,1.2,0.5355,51376.19,1156644.778
26,601888.SH,20211118,228.45,228.5,223.9,224.1,230.44,-6.34,-2.7513,79827.73,1797312.559
27,601888.SH,20211117,232.3,233.31,229.66,230.44,234,-3.56,-1.5214,53471.4,1235433.065
28,601888.SH,20211116,230,236,228.51,234,229.88,4.12,1.7922,93022.4,2170333.568
29,601888.SH,20211115,228.94,230,223,229.88,223.56,6.32,2.827,103553.77,2359867.477
30,601888.SH,20211112,233.31,233.48,222.03,223.56,228.8,-5.24,-2.2902,108047.23,2429975.795
31,601888.SH,20211111,226,231.18,225,228.8,227.11,1.69,0.7441,63296.51,1445539.403
32,601888.SH,20211110,228.61,228.77,222.77,227.11,227.62,-0.51,-0.2241,66938.29,1510850.574
33,601888.SH,20211109,231.66,231.66,225.4,227.62,229.42,-1.8,-0.7846,68148.99,1551439.347
34,601888.SH,20211108,230.9,236.6,228.51,229.42,230.78,-1.36,-0.5893,98147.35,2271535.038
35,601888.SH,20211105,235.15,235.5,230.08,230.78,233.66,-2.88,-1.2326,78071.41,1812521.117
36,601888.SH,20211104,230.85,236.65,230.7,233.66,228.3,5.36,2.3478,116178.74,2717028.805
37,601888.SH,20211103,224.88,229.85,222.9,228.3,222.88,5.42,2.4318,180544.46,4103398.471
38,601888.SH,20211102,230,233,217.95,222.88,241.61,-18.73,-7.7522,477077.25,10732991.97
39,601888.SH,20211101,246.24,247,241.61,241.61,268.46,-26.85,-10.0015,96054,2328676.041
40,601888.SH,20211029,262.08,271.5,262,268.46,264.48,3.98,1.5048,81576.49,2177786.981
41,601888.SH,20211028,257.25,266.6,256.83,264.48,258,6.48,2.5116,69057.81,1819180.708
42,601888.SH,20211027,262,262,257.65,258,265,-7,-2.6415,55549.89,1438538.931
43,601888.SH,20211026,265,270.47,263.33,265,264.47,0.53,0.2004,51303.1,1362585.753
44,601888.SH,20211025,266.03,267.93,261.06,264.47,269,-4.53,-1.684,74562.03,1960368.611
45,601888.SH,20211022,258.94,272.56,257.55,269,257,12,4.6693,109698.19,2916982.413
46,601888.SH,20211021,258,260.97,254.23,257,259.5,-2.5,-0.9634,66800.52,1715329.827
47,601888.SH,20211020,264.35,266.77,256.3,259.5,259.12,0.38,0.1467,72671.57,1888054.323
48,601888.SH,20211019,259.38,264.5,258,259.12,259.84,-0.72,-0.2771,62470.65,1629992.558
49,601888.SH,20211018,268.55,268.55,256.01,259.84,269.55,-9.71,-3.6023,90551.51,2351444.074
50,601888.SH,20211015,273,273,263.66,269.55,273.09,-3.54,-1.2963,92446.02,2474570.481
51,601888.SH,20211014,277,279.37,269.23,273.09,278.2,-5.11,-1.8368,92772.06,2535195.39
52,601888.SH,20211013,266,278.68,263.02,278.2,267.2,11,4.1168,110126.53,3015947.184
53,601888.SH,20211012,265.69,269.72,261.69,267.2,263.5,3.7,1.4042,86359.91,2310194.612
54,601888.SH,20211011,270.3,276.19,262.38,263.5,270.3,-6.8,-2.5157,120324.46,3233411.687
55,601888.SH,20211008,272,275.4,267.01,270.3,260,10.3,3.9615,158293.28,4303197.664
56,601888.SH,20210930,262,266,255.62,260,251.28,8.72,3.4702,169627.36,4443265.688
57,601888.SH,20210929,249.87,253.7,244.44,251.28,253.98,-2.7,-1.0631,81017.06,2020772.847
58,601888.SH,20210928,255,256.77,246.6,253.98,256.72,-2.74,-1.0673,91352.49,2308453.397
59,601888.SH,20210927,248,262.17,247.6,256.72,247,9.72,3.9352,165767.68,4268883.352
60,601888.SH,20210924,233.03,250.73,232,247,234.6,12.4,5.2856,137686.32,3377118.242
61,601888.SH,20210923,234,238.97,233.08,234.6,238.12,-3.52,-1.4782,96699.38,2273130.016
62,601888.SH,20210922,245,248,236.36,238.12,249.5,-11.38,-4.5611,86427.89,2072753.293
63,601888.SH,20210917,238.03,252,233.08,249.5,241.36,8.14,3.3726,119810.46,2922310.88
64,601888.SH,20210916,233,241.79,228.48,241.36,234.97,6.39,2.7195,128935.98,3051284.128
65,601888.SH,20210915,245.01,245.7,232.4,234.97,246.85,-11.88,-4.8126,119897.11,2850825.08
66,601888.SH,20210914,251.3,256.66,246.08,246.85,251.25,-4.4,-1.7512,100654.09,2526958.368
67,601888.SH,20210913,252.18,265,250.01,251.25,255,-3.75,-1.4706,146510.43,3767335.825
68,601888.SH,20210910,243.18,255.58,243.18,255,245.07,9.93,4.0519,129791.1,3280476.142
69,601888.SH,20210909,248.66,250.6,243.1,245.07,249.33,-4.26,-1.7086,73956.01,1818162.344
70,601888.SH,20210908,249.59,250.98,246.05,249.33,249.56,-0.23,-0.0922,97932.24,2433812.265
71,601888.SH,20210907,243.5,252.1,243.04,249.56,243,6.56,2.6996,145450.09,3616523.534
72,601888.SH,20210906,236.68,245.7,231.51,243,236.4,6.6,2.7919,177210.92,4269376.766
73,601888.SH,20210903,226,237,222.5,236.4,228.05,8.35,3.6615,135673.89,3160015.735
74,601888.SH,20210902,239,241.87,227.07,228.05,236.29,-8.24,-3.4872,146890.22,3423609.361
75,601888.SH,20210901,228.79,240.17,224,236.29,228.29,8,3.5043,154780.59,3626276.605
76,601888.SH,20210831,240.41,240.68,221,228.29,239.5,-11.21,-4.6806,207526.51,4721717.632
77,601888.SH,20210830,242.3,243.2,233.2,239.5,240.23,-0.73,-0.3039,109937.57,2610439.448
78,601888.SH,20210827,242,246,238.18,240.23,245.14,-4.91,-2.0029,82938.15,1997464.446
79,601888.SH,20210826,247,247,237,245.14,246.94,-1.8,-0.7289,93735.1,2258774.444
80,601888.SH,20210825,242,253.86,239.64,246.94,240.1,6.84,2.8488,139968.77,3465408.645
81,601888.SH,20210824,234.28,241.18,231.58,240.1,232.1,8,3.4468,108328.03,2583026.842
82,601888.SH,20210823,232,236.99,229.03,232.1,228.27,3.83,1.6778,114436.09,2675067.574
83,601888.SH,20210820,235.12,235.12,224.14,228.27,236.09,-7.82,-3.3123,156366.52,3576077.812
84,601888.SH,20210819,235.74,241.48,229.92,236.09,235.72,0.37,0.157,125658.88,2949792.411
85,601888.SH,20210818,246.57,247.26,232.99,235.72,244.98,-9.26,-3.7799,186680.73,4407020.289
86,601888.SH,20210817,263.33,267.96,243.72,244.98,262.84,-17.86,-6.795,174447.13,4384061.973
87,601888.SH,20210816,259,268.45,257,262.84,257.65,5.19,2.0144,135435.53,3590725.702
88,601888.SH,20210813,251.51,259.5,251,257.65,253.08,4.57,1.8058,78881.55,2021004.845
89,601888.SH,20210812,255,258.48,251.51,253.08,259,-5.92,-2.2857,86297.27,2189914.306
90,601888.SH,20210811,267.5,268.57,257.98,259,267.35,-8.35,-3.1232,101470.27,2653005.018
91,601888.SH,20210810,258,268,251.44,267.35,260.4,6.95,2.669,157151.1,4097919.75
92,601888.SH,20210809,252.02,268.79,252.02,260.4,252,8.4,3.3333,160846.98,4239459.42
93,601888.SH,20210806,251,255.4,247.67,252,255,-3,-1.1765,93939.11,2358028.39
94,601888.SH,20210805,255.8,264,250.02,255,255,0,0,126912.62,3272173.302
95,601888.SH,20210804,254.89,259,248.94,255,253.87,1.13,0.4451,140808.19,3561130.676
96,601888.SH,20210803,236.36,255.36,235.74,253.87,239.35,14.52,6.0664,201578.21,5025146.133
97,601888.SH,20210802,227.9,241.4,224.13,239.35,241,-1.65,-0.6846,266968.27,6204401.324
98,601888.SH,20210730,253,254.44,240.5,241,258.01,-17.01,-6.5928,186103.42,4555811.38
99,601888.SH,20210729,255.15,265.5,255.02,258.01,250.84,7.17,2.8584,141431.8,3679353.772
100,601888.SH,20210728,250.1,259.67,245,250.84,254,-3.16,-1.2441,137248.92,3443777.887
101,601888.SH,20210727,261.2,265.02,252.99,254,262.98,-8.98,-3.4147,133906.36,3461482.429
102,601888.SH,20210726,274,274,256,262.98,277.68,-14.7,-5.2939,193102.64,5086692.598
103,601888.SH,20210723,281.95,283,273.53,277.68,281.96,-4.28,-1.5179,105533.45,2917578.724
104,601888.SH,20210722,282.09,292,279.01,281.96,284.69,-2.73,-0.9589,100762.74,2856338.206
105,601888.SH,20210721,295.1,297.67,284.58,284.69,293.45,-8.76,-2.9852,131218.62,3782193.591
106,601888.SH,20210720,290.5,296.67,287.88,293.45,290.22,3.23,1.1129,141293.98,4136827.958
107,601888.SH,20210719,274.48,290.22,269,290.22,275,15.22,5.5345,147585.4,4156961.7
108,601888.SH,20210716,285,286.35,274.8,275,284.93,-9.93,-3.4851,114096.98,3158462.13
109,601888.SH,20210715,281,286.66,279.01,284.93,282.3,2.63,0.9316,72365.23,2053258.985
110,601888.SH,20210714,288.69,288.69,280.94,282.3,288.79,-6.49,-2.2473,108534.75,3081845.526
111,601888.SH,20210713,287.46,299,286,288.79,285.7,3.09,1.0816,150025.09,4390420.301
112,601888.SH,20210712,271,287,264.12,285.7,265.16,20.54,7.7463,203295.83,5691852.395
113,601888.SH,20210709,267.99,271.78,264.4,265.16,269.39,-4.23,-1.5702,107278.15,2859414.841
114,601888.SH,20210708,276.99,277.83,268,269.39,275,-5.61,-2.04,134725.23,3666642.312
115,601888.SH,20210707,275.87,279.93,272.01,275,281.5,-6.5,-2.3091,137091.81,3781120.212
116,601888.SH,20210706,283.96,289.07,275,281.5,279.89,1.61,0.5752,117450.92,3300594.715
117,601888.SH,20210705,277.5,284.98,275.5,279.89,281.09,-1.2,-0.4269,91359.9,2560788.528
118,601888.SH,20210702,293.3,293.3,279,281.09,300,-18.91,-6.3033,175888.31,4979170.854
119,601888.SH,20210701,299,300.09,292.6,300,300.1,-0.1,-0.0333,88671.75,2627435.713
120,601888.SH,20210630,298.18,303.98,296.08,300.1,301.75,-1.65,-0.5468,68043.53,2040071.043
121,601888.SH,20210629,307.93,309,299.01,301.75,307.83,-6.08,-1.9751,103453.89,3129803.929
122,601888.SH,20210628,301,309.96,301,307.83,296.7,11.13,3.7513,100420.96,3085281.132
123,601888.SH,20210625,293.9,299.5,290.18,296.7,294.18,2.52,0.8566,99718.96,2954988.454
124,601888.SH,20210624,301.5,302.45,288.51,294.18,296.9,-2.72,-0.9161,102966.68,3008152.024
125,601888.SH,20210623,289,300.27,288.98,296.9,286.49,10.41,3.6336,166550.36,4955347.839
126,601888.SH,20210622,283,288,274.3,286.49,280.98,5.51,1.961,120975.95,3423877.62
127,601888.SH,20210621,285,285,274.3,281.98,287.48,-5.5,-1.9132,146046.64,4073868.106
128,601888.SH,20210618,285,287.75,276.42,287.48,286,1.48,0.5175,129950.6,3671374.728
129,601888.SH,20210617,289.7,293.94,283.68,286,289.7,-3.7,-1.2772,120224.46,3449965.534
130,601888.SH,20210616,300.5,301,288.2,289.7,297.68,-7.98,-2.6807,105929.77,3110465.033
131,601888.SH,20210615,310.69,310.69,295.5,297.68,311,-13.32,-4.283,130587.15,3913995.665
132,601888.SH,20210611,314.55,317,305.38,311,313.46,-2.46,-0.7848,92804.11,2875240.466
133,601888.SH,20210610,311.02,317.37,310.7,313.46,312.8,0.66,0.211,76099.06,2396773.127
134,601888.SH,20210609,314.3,319,310.96,312.8,317.38,-4.58,-1.4431,71216.52,2232948.852
135,601888.SH,20210608,316.74,324.58,314.47,317.38,317,0.38,0.1199,79786.89,2542852.738
136,601888.SH,20210607,319.92,319.92,310.63,317,319.56,-2.56,-0.8011,77896.63,2447473.55
137,601888.SH,20210604,322.01,325,317,319.56,325.84,-6.28,-1.9273,98451.21,3148155.234
138,601888.SH,20210603,327.99,331.85,322.02,325.84,325.3,0.54,0.166,62519.16,2049074.942
139,601888.SH,20210602,336,337.4,324,325.3,334.12,-8.82,-2.6398,71990.74,2359810.455
140,601888.SH,20210601,331.99,337.31,328.65,334.12,334.5,-0.38,-0.1136,84086.58,2805332.626
141,601888.SH,20210531,342.99,343.99,329.6,334.5,344.29,-9.79,-2.8435,112209.41,3735633.093
142,601888.SH,20210528,342,349.28,339,344.29,344.54,-0.25,-0.0726,68299.05,2357981.402
143,601888.SH,20210527,339.98,348.3,337,344.54,339.99,4.55,1.3383,84332.42,2896663.233
144,601888.SH,20210526,342,348.7,334.9,339.99,339.28,0.71,0.2093,90243.51,3074087.078
145,601888.SH,20210525,322.82,339.52,320.01,339.28,320.29,18.99,5.929,129888.39,4331541.435
146,601888.SH,20210524,318,323,313.5,320.29,318,2.29,0.7201,55125.83,1756716.299
147,601888.SH,20210521,328.54,330.1,314.02,318,325.01,-7.01,-2.1569,71742.91,2294108.74
148,601888.SH,20210520,324.56,329.8,321,325.01,326.52,-1.51,-0.4625,75203.77,2446860.596
149,601888.SH,20210519,317.37,329.98,315.12,326.52,318.05,8.47,2.6631,73130.13,2383748.369
150,601888.SH,20210518,319.31,322,314,318.05,319.39,-1.34,-0.4195,55098.4,1744413.987
151,601888.SH,20210517,313,322.1,310.25,319.39,309.58,9.81,3.1688,124513,3972405.796
152,601888.SH,20210514,297,310,293,309.58,295,14.58,4.9424,132436.88,4032866.27
153,601888.SH,20210513,297.99,301.77,288.1,295,303,-8,-2.6403,98790.3,2900389.995
154,601888.SH,20210512,299.39,304.5,295.01,303,299,4,1.3378,61798.89,1857947.024
155,601888.SH,20210511,294.5,301.8,292.31,299,298.89,0.11,0.0368,62559.37,1858703.389
156,601888.SH,20210510,289.35,303,289.35,298.89,288,10.89,3.7813,87718.14,2618300.311
157,601888.SH,20210507,295.03,300.8,287.53,288,295.7,-7.7,-2.604,88713.86,2602939.209
158,601888.SH,20210506,319,319,295.7,295.7,311.99,-16.29,-5.2213,131523.81,3972604.983
159,601888.SH,20210430,308.08,317.88,305,311.99,310.32,1.67,0.5382,100350.89,3132227.992
160,601888.SH,20210429,307.22,316.1,305,310.32,310,0.32,0.1032,88524.75,2748613.798
161,601888.SH,20210428,306.67,311.49,295,310,306.98,3.02,0.9838,102716.19,3139965.249
162,601888.SH,20210427,301.55,307.85,299.02,306.98,298.44,8.54,2.8615,96834.43,2955423.133
163,601888.SH,20210426,301,309.89,297.3,298.44,299.29,-0.85,-0.284,112245.43,3422768.84
164,601888.SH,20210423,298.15,303.27,296.06,299.29,296,3.29,1.1115,106775.2,3204828.432
165,601888.SH,20210422,297,297.9,283.5,296,298.66,-2.66,-0.8906,137405.87,3986803.757
166,601888.SH,20210421,288,298.69,287.99,298.66,292.99,5.67,1.9352,78048.3,2307619.029
167,601888.SH,20210420,294.21,302.47,291.58,292.99,294.5,-1.51,-0.5127,106022.79,3142971.502
168,601888.SH,20210419,285.58,298.01,283.85,294.5,285.85,8.65,3.0261,110020.66,3234316.952
169,601888.SH,20210416,287.18,288.16,277.5,285.85,283.06,2.79,0.9857,93925.01,2662067.586
170,601888.SH,20210415,286.96,286.96,278.1,283.06,288.2,-5.14,-1.7835,101691.05,2864860.304
171,601888.SH,20210414,260,289.38,260,288.2,265.85,22.35,8.407,258066.1,7208830.725
172,601888.SH,20210413,292.82,302.88,265.85,265.85,295.39,-29.54,-10.0003,235380.76,6553860.063
173,601888.SH,20210412,296.01,304.59,289,295.39,301.6,-6.21,-2.059,146372.62,4304374.209
174,601888.SH,20210409,310,312,301.04,301.6,312.28,-10.68,-3.42,95395.39,2896177.559
175,601888.SH,20210408,307.5,315,305.53,312.28,311.9,0.38,0.1218,85729.67,2662657.714
176,601888.SH,20210407,315.91,316.95,307,311.9,317.2,-5.3,-1.6709,102518.6,3181247.677
177,601888.SH,20210406,334.98,334.98,312.67,317.2,333.5,-16.3,-4.8876,138866.91,4445332.911
178,601888.SH,20210402,321,337.82,320,333.5,321.95,11.55,3.5875,104551.59,3455129.967
179,601888.SH,20210401,308.7,321.95,306.3,321.95,306.08,15.87,5.1849,89282.75,2807005.785
180,601888.SH,20210331,316.25,317.72,301.53,306.08,317.88,-11.8,-3.7121,109446.26,3366921.055
181,601888.SH,20210330,313,325.38,311.11,317.88,315.85,2.03,0.6427,95228.77,3048259.092
182,601888.SH,20210329,312.97,322.88,306.68,315.85,313.43,2.42,0.7721,122946.15,3878409.089
183,601888.SH,20210326,300.87,314.14,299.33,313.43,299,14.43,4.8261,116455.34,3588654.788
184,601888.SH,20210325,288.1,299.3,284.06,299,295.04,3.96,1.3422,101739.26,2959680.627
185,601888.SH,20210324,297,303,292.6,295.04,300.02,-4.98,-1.6599,84906.33,2528291.225
186,601888.SH,20210323,315,315.1,291.01,300.02,311.65,-11.63,-3.7318,117642.77,3528611.968
187,601888.SH,20210322,306,318,301.88,311.65,306.56,5.09,1.6604,98851.22,3061244.918
188,601888.SH,20210319,305,322.6,303.32,306.56,312.7,-6.14,-1.9635,124535.59,3877645.766
189,601888.SH,20210318,313,320.25,308.8,312.7,308.07,4.63,1.5029,116849.27,3660964.98
190,601888.SH,20210317,292.95,309.79,287.11,308.07,296.57,11.5,3.8777,105216.73,3180866.761
191,601888.SH,20210316,299,301.88,285.62,296.57,297.8,-1.23,-0.413,105408.3,3094994.03
192,601888.SH,20210315,303.86,309,290.5,297.8,309.41,-11.61,-3.7523,125917.54,3756021.126
193,601888.SH,20210312,306.3,314.94,303.01,309.41,301.78,7.63,2.5283,140596.87,4347307.56
194,601888.SH,20210311,299,307.28,295.05,301.78,299.62,2.16,0.7209,121648.34,3675489.474
195,601888.SH,20210310,291,304.88,290.01,299.62,282.29,17.33,6.1391,169336.09,5057281.953
196,601888.SH,20210309,280,295.3,269.9,282.29,278.99,3.3,1.1828,211445.96,5967938.721
197,601888.SH,20210308,304.9,307.54,276,278.99,305.88,-26.89,-8.791,212973.72,6166108.097
198,601888.SH,20210305,299.8,312.47,295,305.88,309.63,-3.75,-1.2111,109017.58,3321489.084
199,601888.SH,20210304,317.94,317.94,300.87,309.63,324.5,-14.87,-4.5824,168136.34,5158625.436
200,601888.SH,20210303,314.8,328.71,312,324.5,316.1,8.4,2.6574,105627.23,3393191.026
201,601888.SH,20210302,333,334.3,308.85,316.1,324.56,-8.46,-2.6066,161736.76,5186296.79
202,601888.SH,20210301,314.96,326.8,314.8,324.56,307.91,16.65,5.4074,141863.12,4568370.025
203,601888.SH,20210226,306,314.65,301,307.91,319.1,-11.19,-3.5067,159713.08,4907611.708
204,601888.SH,20210225,322,326.88,313.53,319.1,314.63,4.47,1.4207,134180.28,4302677.014
205,601888.SH,20210224,335.99,339.6,311.3,314.63,332.78,-18.15,-5.4541,189563.82,6062374.902
206,601888.SH,20210223,329.88,343.9,327.8,332.78,339,-6.22,-1.8348,160342.1,5351670.901
207,601888.SH,20210222,378.98,379,338.76,339,371.9,-32.9,-8.8465,218115.17,7642625.077
208,601888.SH,20210219,379,387.56,355.11,371.9,379.9,-8,-2.1058,144168.8,5314429.469
209,601888.SH,20210218,395.66,403.78,372,379.9,387.86,-7.96,-2.0523,180949.53,7020478.713
210,601888.SH,20210210,358,387.86,356.06,387.86,359.73,28.13,7.8198,116169.04,4374248.841
211,601888.SH,20210209,361.28,363.18,349.04,359.73,357.99,1.74,0.486,97515.13,3477865.598
212,601888.SH,20210208,347,362,343.2,357.99,346.95,11.04,3.182,116739.65,4138020.636
213,601888.SH,20210205,335.08,353.8,333,346.95,328.94,18.01,5.4752,137600.66,4763194.483
214,601888.SH,20210204,335.48,341.4,321.35,328.94,340.98,-12.04,-3.531,134351.47,4447164.474
215,601888.SH,20210203,330.68,348.88,328,340.98,331.01,9.97,3.012,151614.44,5170358
216,601888.SH,20210202,308.4,333.3,301.11,331.01,306,25.01,8.1732,181853.74,5839697.786
217,601888.SH,20210201,307.9,315.87,298,306,294,12,4.0816,203642.09,6250768.198
218,601888.SH,20210129,292.9,300.88,290.01,294,287,7,2.439,134043.85,3954648.924
219,601888.SH,20210128,289.57,295.15,285.6,287,297,-10,-3.367,90007.55,2608105.507
220,601888.SH,20210127,299.1,299.1,283.03,297,297.98,-0.98,-0.3289,132331.97,3844437.373
221,601888.SH,20210126,301.55,305.79,293.92,297.98,308,-10.02,-3.2532,133391.69,3993548.612
222,601888.SH,20210125,288.01,311,288.01,308,283,25,8.8339,238161.36,7181651.412
223,601888.SH,20210122,272.03,285,270.1,283,272,11,4.0441,181720.16,5103052.34
224,601888.SH,20210121,271.49,275.98,263,272,272.94,-0.94,-0.3444,196954.82,5298221.443
225,601888.SH,20210120,270.27,274.99,263,272.94,268.15,4.79,1.7863,140385.71,3800141.223
226,601888.SH,20210119,277.11,281.93,268,268.15,274.2,-6.05,-2.2064,135251.47,3693985.646
227,601888.SH,20210118,278.22,279,268,274.2,280.01,-5.81,-2.0749,173566.24,4748017.549
228,601888.SH,20210115,279.49,286.7,272.5,280.01,280.55,-0.54,-0.1925,151424.61,4237712.893
229,601888.SH,20210114,293.56,294.34,276.68,280.55,299.99,-19.44,-6.4802,240305.7,6809999.499
230,601888.SH,20210113,318,319,292.6,299.99,319.1,-19.11,-5.9887,181165.75,5483084.018
231,601888.SH,20210112,295.95,321.86,295.59,319.1,298.4,20.7,6.937,124107.66,3857765.101
232,601888.SH,20210111,290,306.08,284.1,298.4,291,7.4,2.543,170500.41,5065001.16
233,601888.SH,20210108,311,311.4,287,291,311,-20,-6.4309,196177.12,5823692.598
234,601888.SH,20210107,293.35,311,290,311,288,23,7.9861,151153.16,4534780.266
235,601888.SH,20210106,290,293.83,284.02,288,293.02,-5.02,-1.7132,126380.99,3640459.354
236,601888.SH,20210105,290,299.69,289,293.02,292.25,0.77,0.2635,118713.65,3480973.443
237,601888.SH,20210104,282,300.62,281.75,292.25,282.45,9.8,3.4696,140347.48,4127327.801
238,601888.SH,20201231,270.02,285.8,267.52,282.45,263.12,19.33,7.3465,147881.81,4111681.198
239,601888.SH,20201230,253.1,266.05,253.1,263.12,255.15,7.97,3.1237,112464.24,2941588.678
240,601888.SH,20201229,256,259,248.2,255.15,257.6,-2.45,-0.9511,98367.43,2498594.693
241,601888.SH,20201228,263.88,264.9,253.91,257.6,259,-1.4,-0.5405,102642,2644445.262
242,601888.SH,20201225,250,261.87,246,259,252.2,6.8,2.6963,92793.88,2375891.757
243,601888.SH,20201224,253,262.49,249.57,252.2,246.88,5.32,2.1549,126032.14,3222722.179
244,601888.SH,20201223,237,255.32,237,246.88,236.95,9.93,4.1908,170868.27,4243747.876
245,601888.SH,20201222,229.13,245.17,226.5,236.95,229.13,7.82,3.4129,161250.32,3806786.873
246,601888.SH,20201221,218,229.9,217,229.13,217.25,11.88,5.4684,121201.62,2735604.994
247,601888.SH,20201218,222.78,224.78,216.85,217.25,225.49,-8.24,-3.6543,114644.56,2510594.483
248,601888.SH,20201217,220.5,225.88,219,225.49,220.36,5.13,2.328,99744.41,2225424.381
249,601888.SH,20201216,220.5,223.3,217.2,220.36,218.38,1.98,0.9067,77984.2,1719934.554
250,601888.SH,20201215,214.06,219.7,212.55,218.38,213.6,4.78,2.2378,122133.98,2655271.358
251,601888.SH,20201214,205.81,216,203.01,213.6,206,7.6,3.6893,153766.28,3266180.639
252,601888.SH,20201211,210.88,210.88,202.67,206,207.8,-1.8,-0.8662,95330.17,1970732.703
253,601888.SH,20201210,204.24,209.37,201.12,207.8,202.33,5.47,2.7035,91149.46,1887302.313
254,601888.SH,20201209,207.83,209.35,202.22,202.33,208.03,-5.7,-2.74,73432.58,1508165.187
255,601888.SH,20201208,209.63,210.3,204.1,208.03,207.75,0.28,0.1348,84924.11,1761170.64
256,601888.SH,20201207,197,208.98,195.5,207.75,196.43,11.32,5.7629,178176.11,3645248.607
257,601888.SH,20201204,194,197.6,192.3,196.43,194.93,1.5,0.7695,73113.64,1429941.155
258,601888.SH,20201203,194.08,197.28,194.01,194.93,195.52,-0.59,-0.3018,57555.64,1126580.618
259,601888.SH,20201202,197.42,199.5,194.03,195.52,196,-0.48,-0.2449,60430.92,1187615.985
260,601888.SH,20201201,194,198.38,193.2,196,193.2,2.8,1.4493,87067.46,1711937.213
261,601888.SH,20201130,190.51,197.26,190.51,193.2,193.2,0,0,99384.51,1934284.196
262,601888.SH,20201127,190.33,193.88,188.2,193.2,191.25,1.95,1.0196,60681.29,1162208.528
263,601888.SH,20201126,188.51,197.8,188.51,191.25,189,2.25,1.1905,95083.33,1829455.143
264,601888.SH,20201125,194.93,195.45,189,189,193.39,-4.39,-2.27,79478.01,1525829.253
265,601888.SH,20201124,188.94,196.48,185.39,193.39,187.89,5.5,2.9272,136134.36,2619219.138
266,601888.SH,20201123,185,190.18,181.5,187.89,185,2.89,1.5622,124082.74,2317678.416
267,601888.SH,20201120,185.31,187.78,182.26,185,183.31,1.69,0.9219,89638.83,1665324.574
268,601888.SH,20201119,175.72,184.58,174,183.31,175.25,8.06,4.5991,159122.26,2890863.457
269,601888.SH,20201118,181.61,184.1,172.77,175.25,181,-5.75,-3.1768,180681.53,3192302.518
270,601888.SH,20201117,186.46,186.96,179.79,181,186.45,-5.45,-2.923,133218.5,2437431.884
271,601888.SH,20201116,189,189.9,184.1,186.45,192.5,-6.05,-3.1429,164874.77,3067825.647
272,601888.SH,20201113,195.2,195.2,186.88,192.5,196.15,-3.65,-1.8608,126216.26,2412886.369
273,601888.SH,20201112,185.5,196.8,183.54,196.15,184.6,11.55,6.2568,215348.49,4117884.796
274,601888.SH,20201111,188,189.79,183.75,184.6,185.27,-0.67,-0.3616,133428.6,2490642.532
275,601888.SH,20201110,189.53,193.52,183.5,185.27,199.5,-14.23,-7.1328,306633.79,5705313.086
276,601888.SH,20201109,197.2,199.6,193.64,199.5,196.32,3.18,1.6198,106987.14,2111615.999
277,601888.SH,20201106,200,201.5,192.83,196.32,200.1,-3.78,-1.8891,119429.86,2338144.778
278,601888.SH,20201105,205,206.83,198.51,200.1,202.43,-2.33,-1.151,125422.1,2521465.398
279,601888.SH,20201104,197.42,203.8,197.42,202.43,197.76,4.67,2.3614,104411.75,2096993.69
280,601888.SH,20201103,196.34,199.77,193.03,197.76,194.4,3.36,1.7284,107505.44,2122463.286
281,601888.SH,20201102,198.22,204.18,192.22,194.4,199.4,-5,-2.5075,149614.67,2928894.558
282,601888.SH,20201030,203.03,205,198.61,199.4,200.43,-1.03,-0.5139,103128.99,2087217.528
283,601888.SH,20201029,196,203.5,194.6,200.43,198.41,2.02,1.0181,126288.02,2528883.551
284,601888.SH,20201028,190,201,188.11,198.41,184.81,13.6,7.3589,180517.26,3524103.657
285,601888.SH,20201027,182.61,186.37,179.6,184.81,185.68,-0.87,-0.4685,118149.12,2167257.935
286,601888.SH,20201026,192.65,192.65,181.88,185.68,193.06,-7.38,-3.8226,107553.71,1994843.53
287,601888.SH,20201023,196.88,199.23,193,193.06,195.99,-2.93,-1.495,67457.82,1319756.863
288,601888.SH,20201022,194,196.78,186.8,195.99,195.6,0.39,0.1994,126108.37,2430034.013
289,601888.SH,20201021,205,205,194.02,195.6,200.02,-4.42,-2.2098,132667.31,2609191.352
290,601888.SH,20201020,200.1,203.05,198.47,200.02,200.1,-0.08,-0.04,71136.7,1431084.744
291,601888.SH,20201019,201.01,205.01,198.8,200.1,203.43,-3.33,-1.6369,99527.92,1997467.038
292,601888.SH,20201016,203.11,205.44,201.64,203.43,202.83,0.6,0.2958,69305.94,1411966.323
293,601888.SH,20201015,207,209.48,202,202.83,209.2,-6.37,-3.0449,140873.53,2867273.59
294,601888.SH,20201014,211.92,214,206.5,209.2,214.1,-4.9,-2.2887,137897.31,2887420.087
295,601888.SH,20201013,219,219.5,208.8,214.1,212,2.1,0.9906,140028.87,2982560.475
296,601888.SH,20201012,204.16,212.9,201,212,204.1,7.9,3.8707,177850.47,3695843.758
297,601888.SH,20201009,223,223,200.65,204.1,222.94,-18.84,-8.4507,325847.69,6645559.394
298,601888.SH,20200930,227,228.9,221.33,222.94,224.3,-1.36,-0.6063,88134.47,1980609.207
299,601888.SH,20200929,224,226.94,220,224.3,224.9,-0.6,-0.2668,93855.51,2098176.738
300,601888.SH,20200928,221,230.54,218.48,224.9,219.2,5.7,2.6004,157859.56,3573426.764
301,601888.SH,20200925,215.99,222.8,215.23,219.2,213.1,6.1,2.8625,110135.97,2412014.302
302,601888.SH,20200924,218.21,218.98,210.66,213.1,217.5,-4.4,-2.023,82875.92,1774859.971
303,601888.SH,20200923,207.05,219.33,205.28,217.5,206.71,10.79,5.2199,115840.58,2477849.594
304,601888.SH,20200922,210,211.18,203.58,206.71,209.01,-2.3,-1.1004,97385.32,2026799.383
305,601888.SH,20200921,217,219.9,208,209.01,216,-6.99,-3.2361,118043.92,2519154.289
306,601888.SH,20200918,212,216,209.9,216,212.13,3.87,1.8244,101196.71,2158433.828
307,601888.SH,20200917,219.8,219.8,208.58,212.13,217.26,-5.13,-2.3612,94407.49,2005546.456
308,601888.SH,20200916,223.22,224.36,214.51,217.26,222.58,-5.32,-2.3902,99619.56,2172382.776
309,601888.SH,20200915,214.31,224.78,212.13,222.58,214.3,8.28,3.8637,116346.49,2554501.136
310,601888.SH,20200914,208,217.5,207.54,214.3,207.21,7.09,3.4216,120299.55,2563845.317
311,601888.SH,20200911,204,208.8,203,207.21,205.6,1.61,0.7831,92989.56,1917802.031
312,601888.SH,20200910,200.99,208,200.45,205.6,197.18,8.42,4.2702,138661.47,2846403.296
313,601888.SH,20200909,200.3,203.1,195.8,197.18,204.2,-7.02,-3.4378,117433.45,2335200.579
314,601888.SH,20200908,211.28,212.75,201,204.2,209.28,-5.08,-2.4274,121581.33,2491327.274
315,601888.SH,20200907,217,221.5,207.02,209.28,219.8,-10.52,-4.7862,157603,3356102.991
316,601888.SH,20200904,219,221.1,210,219.8,224.3,-4.5,-2.0062,122713.77,2661042.505
317,601888.SH,20200903,221.5,229.6,221.5,224.3,223,1.3,0.583,114930.62,2597512.347
318,601888.SH,20200902,221.74,226.97,218.88,223,216.8,6.2,2.8598,150429.61,3367046.128
319,601888.SH,20200901,207,218.83,206.1,216.8,208,8.8,4.2308,143951.27,3098797.022
320,601888.SH,20200831,221,221,208,208,220.3,-12.3,-5.5833,210476.06,4458311.565
321,601888.SH,20200828,204.39,223,204.01,220.3,203.99,16.31,7.9955,192954.29,4165551.812
322,601888.SH,20200827,201.5,206.62,200.02,203.99,203.53,0.46,0.226,72924.97,1484456.568
323,601888.SH,20200826,208.2,212.8,202.2,203.53,210.31,-6.78,-3.2238,102372.88,2111143.794
324,601888.SH,20200825,207.79,216.8,203.59,210.31,203.52,6.79,3.3363,173897.85,3678078.746
325,601888.SH,20200824,201,205.58,196.8,203.52,199.38,4.14,2.0764,120361.4,2432392.31
326,601888.SH,20200821,196,206.6,194.66,199.38,194,5.38,2.7732,152848.54,3065809.531
327,601888.SH,20200820,191,204.96,191,194,200,-6,-3,211703.31,4131679.656
328,601888.SH,20200819,211,211,198.5,200,210.95,-10.95,-5.1908,161804.19,3265582.862
329,601888.SH,20200818,208.82,215.5,207.2,210.95,207.2,3.75,1.8098,134381.49,2833127
330,601888.SH,20200817,207.7,211.9,204.06,207.2,207.25,-0.05,-0.0241,124958.39,2589702.956
331,601888.SH,20200814,202,208.96,201.14,207.25,204.49,2.76,1.3497,113504.82,2334799.567
332,601888.SH,20200813,207,210.6,200.01,204.49,206.65,-2.16,-1.0452,139724.72,2851195.762
333,601888.SH,20200812,214.5,217.97,203.6,206.65,214.28,-7.63,-3.5608,203701.27,4217509.177
334,601888.SH,20200811,211.95,223.44,211.95,214.28,213.7,0.58,0.2714,139653.47,3051845.05
335,601888.SH,20200810,214.1,219.59,209.7,213.7,220.88,-7.18,-3.2506,161619.24,3455937.533
336,601888.SH,20200807,220,228.85,215,220.88,218.26,2.62,1.2004,178329.3,3967825.867
337,601888.SH,20200806,224,224.85,214.11,218.26,223.85,-5.59,-2.4972,183251.24,3998244.435
338,601888.SH,20200805,220,228,218.2,223.85,223.55,0.3,0.1342,138350,3091291.054
339,601888.SH,20200804,234,234,220.12,223.55,238.5,-14.95,-6.2683,250659.97,5649908.852
340,601888.SH,20200803,246.99,249,226,238.5,243,-4.5,-1.8519,262552.21,6159119.065
341,601888.SH,20200731,224,244.36,224,243,223.3,19.7,8.8222,235983.43,5551811.703
342,601888.SH,20200730,214.94,232.75,212,223.3,214,9.3,4.3458,227962.3,5099010.063
343,601888.SH,20200729,203.2,218.68,203,214,206.7,7.3,3.5317,190261.36,4064244.654
344,601888.SH,20200728,202,212.88,195,206.7,199.69,7.01,3.5104,229097.25,4660667.704
345,601888.SH,20200727,200,209.99,195.95,199.69,204.54,-4.85,-2.3712,246236.19,4975795.436
346,601888.SH,20200724,226,228.5,204.54,204.54,227.27,-22.73,-10.0013,413670.2,8694186.564
347,601888.SH,20200723,204,227.27,201.16,227.27,206.61,20.66,9.9995,341293.51,7430557.789
348,601888.SH,20200722,199.97,216.43,196.01,206.61,196.75,9.86,5.0114,328083.22,6834022.921
349,601888.SH,20200721,194,200.3,190,196.75,196,0.75,0.3827,174129.46,3410968.509
350,601888.SH,20200720,191.99,204.39,189.41,196,188.1,7.9,4.1999,281397.23,5521597.269
351,601888.SH,20200717,180,188.1,180,188.1,171,17.1,10,290002.03,5405770.232
352,601888.SH,20200716,190.01,191.8,171,171,189.81,-18.81,-9.9099,313731.97,5666417.039
353,601888.SH,20200715,190.1,195.68,186.51,190.53,190,0.53,0.2789,265084.7,5066537.046
354,601888.SH,20200714,188.84,196.97,188.81,190,194.67,-4.67,-2.3989,229319.36,4382942.07
355,601888.SH,20200713,206,208,187,194.67,203.49,-8.82,-4.3344,320541.75,6225333.122
356,601888.SH,20200710,191.4,212.94,187.52,203.49,193.79,9.7,5.0054,316847.65,6356391.281
357,601888.SH,20200709,191,196.86,187,193.79,195.86,-2.07,-1.0569,271546,5219135.837
358,601888.SH,20200708,185,199.4,182.08,195.86,192.4,3.46,1.7983,414107.75,7796627.396
359,601888.SH,20200707,214,218.88,187.02,192.4,201.03,-8.63,-4.2929,460523.31,9194448.462
